question_id,topic,important_legal_principles,keywords,content_status,last_updated,reviewer
LABOR-001,,,,DRAFT,,
LABOR-002,,,,DRAFT,,
LABOR-003,,,,DRAFT,,
LABOR-004,,,,DRAFT,,
LABOR-005,,,,DRAFT,,
LABOR-006,,,,DRAFT,,
LABOR-007,,,,DRAFT,,
LABOR-008,,,,DRAFT,,
LABOR-009,,,,DRAFT,,
LABOR-010,,,,DRAFT,,
LABOR-011,,,,DRAFT,,
LABOR-012,,,,DRAFT,,
LABOR-013,,,,DRAFT,,
LABOR-014,,,,DRAFT,,
LABOR-015,,,,DRAFT,,
LABOR-016,,,,DRAFT,,
LABOR-017,,,,DRAFT,,
LABOR-018,,,,DRAFT,,
LABOR-019,,,,DRAFT,,
LABOR-020,,,,DRAFT,,
LABOR-021,,,,DRAFT,,
LABOR-022,,,,DRAFT,,
LABOR-023,,,,DRAFT,,
LABOR-024,,,,DRAFT,,
LABOR-025,,,,DRAFT,,
LABOR-026,,,,DRAFT,,
LABOR-027,,,,DRAFT,,
LABOR-028,,,,DRAFT,,
LABOR-029,,,,DRAFT,,
LABOR-030,,,,DRAFT,,
